<?xml version="1.0" encoding="UTF-8"?>

<!--

    Copyright (c) 2017-2019 MuK IT GmbH.

    This file is part of MuK Preview 
    (see https://mukit.at).

    This program is free software: you can redistribute it and/or modify
    it under the terms of the GNU Lesser General Public License as published by
    the Free Software Foundation, either version 3 of the License, or
    (at your option) any later version.

    This program is distributed in the hope that it will be useful,
    but WITHOUT ANY WARRANTY; without even the implied warranty of
    MERCHANTABILITY or FITNESS FOR A PARTICULAR PURPOSE.  See the
    GNU Lesser General Public License for more details.

    You should have received a copy of the GNU Lesser General Public License
    along with this program. If not, see <http://www.gnu.org/licenses/>.

  -->

<templates>

<t t-name="muk_preview.PreviewWrapper">
	<div class="mk_preview_wrapper" />
</t>

<t t-name="muk_preview.PreviewContent">
	<div class="mk_preview_content">
		<t t-raw="0"/>
	</div>
</t>
	
<t t-name="muk_preview.PreviewContentUnsupported">
	<t t-call="muk_preview.PreviewContent">
	    <div class="row mk_preview_unsupported">
			<div class="d-none d-sm-block col-sm-3 pt-3 pb-3"> 
            	<div class="o_image" t-att-data-mimetype="widget.mimetype" />
            </div>
            <div class="col-12 col-sm-8"> 
            	<h3 class="pb-2" >Unsupported File</h3>
            	<table class="table">
            		<tbody>
						<tr>
							<td>Filename:</td>
							<td><t t-esc="widget.filename"/></td>
						</tr>
						<tr>
							<td>Mimetype:</td>
							<td><t t-esc="widget.mimetype"/></td>
						</tr>
                   </tbody>
            	</table>
            	<div class="text-center text-sm-right">
            		<a class="float-sm-righ btn btn-outline-primary" t-att-href="widget.url">Download</a>
            	</div>
        	</div>
		</div>
	</t>
</t>

<t t-name="muk_preview.PreviewContentPDF">
	<t t-call="muk_preview.PreviewContent">
		<div class="mk_preview_pdf">
			<iframe t-att-src="widget.viewer_url"
				allowfullscreen="allowfullscreen" 
				webkitallowfullscreen="webkitallowfullscreen">
			</iframe>
		</div>
	</t>
</t>

</templates>